{
  "samplesMs": [
    15.414,
    2.252,
    0.905,
    1.104,
    1.086,
    1.188,
    0.884,
    0.919,
    1.066,
    0.925,
    0.814,
    0.914,
    1.098,
    0.605,
    0.645,
    0.607,
    0.691,
    0.543,
    0.651,
    0.869,
    0.825,
    0.653,
    0.779,
    1.195,
    1.193,
    0.753,
    0.933,
    0.828,
    1.474,
    0.73,
    1.394,
    1.264,
    1.1,
    0.714,
    1.45,
    0.996,
    0.784,
    0.808,
    0.747,
    0.78,
    0.772,
    1.076,
    0.947,
    0.805,
    0.805,
    0.698,
    0.553,
    0.585,
    0.78,
    0.99,
    0.549,
    0.569,
    1.083,
    0.367,
    0.318
  ],
  "p50": 0.8249000000000137,
  "p95": 1.473799999999983
}
