{
  "samplesMs": [
    9.429,
    2.383,
    1.273,
    1.325,
    1.195,
    1.07,
    1.315,
    1.024,
    1.045,
    1.149,
    0.655,
    1.463,
    1.211,
    1.164,
    1.321,
    1.741,
    1.471,
    1.22,
    1.226,
    0.955,
    0.744,
    0.758,
    1.096,
    1.119,
    0.971,
    0.893,
    1.166,
    0.655,
    0.871,
    0.91,
    1.287,
    0.823,
    1.187,
    0.608,
    1.206,
    1.15,
    0.599,
    0.508,
    0.584,
    0.897,
    1.105,
    1.717,
    1.625,
    0.645,
    0.66,
    0.514,
    0.426,
    0.791,
    0.479,
    0.673,
    0.951,
    0.464,
    0.596,
    0.605,
    0.766
  ],
  "p50": 1.0238000000000511,
  "p95": 1.7411000000000172
}
