{
  "answerable": {
    "top1": {
      "count": 50,
      "min": 0.025124843945068663,
      "max": 0.03278688524590164,
      "mean": 0.03182115826985272,
      "p50": 0.03252247488101534,
      "p95": 0.03278688524590164
    },
    "top5Max": {
      "count": 50,
      "min": 0.025124843945068663,
      "max": 0.03278688524590164,
      "mean": 0.03182115826985272,
      "p50": 0.03252247488101534,
      "p95": 0.03278688524590164
    }
  },
  "unanswerable": {
    "top1": {
      "count": 5,
      "min": 0.01639344262295082,
      "max": 0.030158730158730156,
      "mean": 0.024087534120933327,
      "p50": 0.02854251012145749,
      "p95": 0.030158730158730156
    },
    "top5Max": {
      "count": 5,
      "min": 0.01639344262295082,
      "max": 0.030158730158730156,
      "mean": 0.024087534120933327,
      "p50": 0.02854251012145749,
      "p95": 0.030158730158730156
    }
  },
  "notes": "No-result threshold not finalized in Stage-3; distributions for calibration only."
}
