{
  "samplesMs": [
    3.61,
    2.369,
    1.311,
    1.158,
    0.788,
    0.659,
    0.564,
    0.61,
    1.204,
    1.382,
    0.724,
    1.213,
    0.818,
    0.554,
    0.671,
    0.525,
    0.509,
    0.676,
    0.75,
    0.668,
    0.764,
    0.674,
    0.654,
    0.911,
    0.762,
    0.621,
    0.787,
    0.667,
    1.314,
    0.965,
    0.957,
    0.842,
    0.987,
    0.858,
    0.633,
    0.474,
    0.523,
    0.623,
    0.768,
    0.794,
    0.695,
    0.721,
    1.464,
    1.299,
    1.04,
    0.5,
    0.596,
    0.493,
    0.542,
    1.114,
    0.783,
    0.78,
    0.584,
    0.352,
    0.351
  ],
  "p50": 0.7504000000000133,
  "p95": 1.4641999999999484
}
