{
  "samplesMs": [
    11.202,
    1.802,
    0.774,
    0.896,
    1.109,
    0.603,
    0.594,
    0.577,
    0.88,
    1.376,
    0.884,
    1.439,
    0.784,
    0.575,
    0.877,
    0.631,
    0.603,
    0.569,
    0.659,
    0.718,
    0.543,
    0.622,
    0.499,
    0.927,
    1.225,
    0.642,
    0.965,
    0.736,
    1.262,
    0.725,
    0.853,
    0.601,
    0.746,
    0.721,
    0.807,
    0.468,
    0.411,
    0.467,
    0.442,
    0.419,
    0.488,
    0.629,
    0.633,
    0.61,
    0.952,
    0.719,
    0.827,
    0.684,
    0.606,
    1.276,
    0.697,
    0.556,
    0.76,
    0.453,
    0.527
  ],
  "p50": 0.6967999999999961,
  "p95": 1.438699999999983
}
