{
  "samplesMs": [
    12.569,
    2.837,
    0.618,
    0.523,
    0.583,
    0.429,
    0.507,
    0.617,
    1.113,
    0.857,
    0.776,
    0.762,
    0.592,
    0.403,
    0.838,
    0.5,
    0.798,
    0.498,
    0.539,
    0.447,
    0.746,
    0.466,
    0.414,
    0.87,
    0.699,
    0.646,
    0.515,
    0.509,
    0.701,
    0.528,
    0.907,
    0.614,
    1.011,
    0.737,
    0.947,
    0.493,
    0.46,
    0.748,
    0.372,
    0.361,
    0.475,
    0.765,
    0.792,
    0.481,
    0.792,
    0.683,
    0.407,
    0.268,
    0.485,
    0.877,
    0.362,
    0.374,
    0.402,
    0.249,
    0.261
  ],
  "p50": 0.5833000000000084,
  "p95": 1.1131000000000313
}
