{
  "against": "20260710-141243435_b5f11c2_structure-aware-only",
  "promote": false,
  "reasons": [],
  "regressions": [
    "no quality gain: recallΔ=-0.0500 mrrΔ=-0.0190 < 0.01",
    "hitAt1 regressed by 0.0200 > 0.02",
    "hitAt5 regressed by 0.0400 > 0.02",
    "recallAt5 regressed by 0.0500 > 0.02",
    "ndcgAt5 regressed by 0.0360 > 0.02",
    "p95 latency increased by 221.1% > 30%",
    "duplicates increased 140 -> 158"
  ],
  "candidate": {
    "hitAt1": 0.54,
    "hitAt3": 0.74,
    "hitAt5": 0.74,
    "recallAt5": 0.4766666666666666,
    "mrr": 0.6266666666666666,
    "ndcgAt5": 0.4858684655004252,
    "metadataFilterAccuracy": 0,
    "noResultAccuracy": 0,
    "p95LatencyMs": 5.054399999999987,
    "duplicateIncidentOrDocumentCount": 158
  },
  "best": {
    "hitAt1": 0.56,
    "hitAt3": 0.74,
    "hitAt5": 0.78,
    "recallAt5": 0.5266666666666666,
    "mrr": 0.6456666666666666,
    "ndcgAt5": 0.5219162383873163,
    "metadataFilterAccuracy": 0,
    "noResultAccuracy": 0,
    "p95LatencyMs": 1.5738999999999805,
    "duplicateIncidentOrDocumentCount": 140
  }
}
