{
  "samplesMs": [
    15.103,
    5.054,
    1.655,
    1.5,
    1.172,
    1.133,
    0.985,
    1.063,
    1.371,
    1.291,
    1.625,
    1.98,
    1.244,
    0.908,
    1.524,
    1.465,
    1.534,
    0.953,
    0.961,
    1.559,
    5.804,
    0.894,
    0.604,
    0.93,
    1.001,
    1.006,
    0.877,
    0.709,
    1.156,
    0.966,
    1.241,
    1.219,
    2.442,
    0.969,
    0.82,
    0.93,
    0.794,
    0.678,
    0.478,
    0.487,
    0.642,
    1.137,
    0.758,
    0.606,
    0.939,
    0.637,
    0.782,
    0.684,
    0.684,
    1.115,
    0.726,
    0.723,
    0.82,
    0.614,
    0.744
  ],
  "p50": 0.9664000000000215,
  "p95": 5.054399999999987
}
