{
  "samplesMs": [
    3.004,
    1.661,
    0.766,
    0.717,
    0.651,
    0.562,
    0.527,
    0.871,
    1.179,
    0.965,
    0.499,
    0.773,
    0.922,
    0.697,
    1.219,
    0.522,
    0.948,
    0.852,
    0.824,
    0.634,
    0.563,
    0.98,
    0.765,
    1.011,
    1.18,
    1.005,
    1.222,
    0.978,
    1.258,
    1.006,
    1.14,
    0.816,
    0.995,
    0.575,
    0.515,
    0.723,
    0.831,
    0.764,
    0.852,
    0.834,
    1.06,
    0.931,
    0.839,
    0.409,
    0.906,
    0.465,
    0.427,
    0.42,
    0.299,
    0.71,
    0.364,
    0.333,
    0.567,
    0.286,
    0.399
  ],
  "p50": 0.8161000000000058,
  "p95": 1.257599999999968
}
