{
  "samplesMs": [
    8.045,
    1.88,
    1.085,
    1.22,
    0.765,
    0.625,
    0.694,
    0.568,
    1.386,
    1.1,
    0.89,
    1.097,
    1.123,
    0.773,
    0.716,
    0.821,
    1.016,
    0.641,
    0.599,
    0.627,
    0.605,
    1.136,
    1.432,
    1.092,
    1.844,
    0.684,
    0.632,
    0.611,
    0.944,
    0.597,
    0.65,
    0.61,
    1.017,
    0.514,
    1.185,
    0.69,
    0.643,
    0.756,
    1.342,
    0.743,
    0.667,
    0.654,
    0.823,
    0.436,
    0.63,
    0.429,
    0.404,
    0.286,
    0.399,
    0.697,
    0.4,
    0.788,
    0.456,
    0.344,
    0.325
  ],
  "p50": 0.6938999999999851,
  "p95": 1.8441000000000258
}
