{
  "runId": "20260718-105710459_b51ba68_hybrid-stage3",
  "experimentName": "hybrid-contextual-diversify-max2",
  "retrievalMode": "hybrid-raw",
  "promotedAt": "2026-07-18T10:58:14.018Z",
  "metrics": {
    "queryCount": 61,
    "answerableCount": 56,
    "unanswerableCount": 5,
    "hitAt1": 0.6071428571428571,
    "hitAt3": 0.7678571428571429,
    "hitAt5": 0.8035714285714286,
    "recallAt5": 0.5773809523809524,
    "mrr": 0.6875,
    "ndcgAt5": 0.570147097661524,
    "exactTermHitAt5": 1,
    "semanticQueryRecallAt5": 0.538095238095238,
    "metadataFilterAccuracy": 0,
    "duplicateIncidentOrDocumentCount": 91,
    "wrongTop1Count": 11,
    "noResultAccuracy": 1,
    "p50LatencyMs": 101.69110000000364,
    "p95LatencyMs": 148.0411000000022,
    "meanRetrievedChunks": 4.786885245901639,
    "lexicalVectorOverlap": 0.3737442202606138,
    "failureTaxonomy": {
      "EXPECTED_DOC_NOT_RETRIEVED": 11,
      "WRONG_TOP1": 11,
      "LOW_SIMILARITY": 45,
      "KEYWORD_MISS": 3,
      "SEMANTIC_MISS": 0,
      "FILTER_FAILURE": 3,
      "DUPLICATE_RESULT": 58,
      "NO_ANSWER_FAILURE": 0,
      "STALE_DOCUMENT_SELECTED": 1
    }
  },
  "runDir": "rag-evaluation/runs/20260718-105710459_b51ba68_hybrid-stage3",
  "chunkSchemaVersion": "structure-aware-contextual-v1",
  "retrievalProfile": "hybrid-contextual-diversify-max2",
  "profiles": {
    "quality": "hybrid-contextual-diversify-max2",
    "balanced": "hybrid-contextual-diversify-max2",
    "fast": "vector-only-structure-aware"
  },
  "rrf": {
    "id": "rrf-0",
    "rrfK": 60,
    "lexicalWeight": 1,
    "vectorWeight": 1,
    "metrics": {
      "queryCount": 61,
      "answerableCount": 56,
      "unanswerableCount": 5,
      "hitAt1": 0.5714285714285714,
      "hitAt3": 0.6428571428571429,
      "hitAt5": 0.6428571428571429,
      "recallAt5": 0.4107142857142857,
      "mrr": 0.6071428571428571,
      "ndcgAt5": 0.44559540273812825,
      "exactTermHitAt5": 0.8181818181818182,
      "semanticQueryRecallAt5": 0.37142857142857144,
      "metadataFilterAccuracy": 0,
      "duplicateIncidentOrDocumentCount": 161,
      "wrongTop1Count": 4,
      "noResultAccuracy": 1,
      "p50LatencyMs": 126.9408999999996,
      "p95LatencyMs": 186.30629999999996,
      "meanRetrievedChunks": 5,
      "lexicalVectorOverlap": 0.37341247409082357,
      "failureTaxonomy": {
        "EXPECTED_DOC_NOT_RETRIEVED": 20,
        "WRONG_TOP1": 4,
        "LOW_SIMILARITY": 36,
        "KEYWORD_MISS": 4,
        "SEMANTIC_MISS": 0,
        "FILTER_FAILURE": 3,
        "DUPLICATE_RESULT": 58,
        "NO_ANSWER_FAILURE": 0,
        "STALE_DOCUMENT_SELECTED": 0
      }
    },
    "wrongTop1Count": 4
  },
  "note": "Stage-3 hybrid promotion (search-only)."
}
