{
  "against": "20260710-140840695_c5ad4ce_baseline-vector-search",
  "promote": false,
  "reasons": [
    "quality gain recallΔ=0.0800 mrrΔ=0.0840"
  ],
  "regressions": [
    "p95 latency increased by 58.6% > 30%"
  ],
  "candidate": {
    "hitAt1": 0.56,
    "hitAt3": 0.74,
    "hitAt5": 0.78,
    "recallAt5": 0.5266666666666666,
    "mrr": 0.6456666666666666,
    "ndcgAt5": 0.5219162383873163,
    "metadataFilterAccuracy": 0,
    "noResultAccuracy": 0,
    "p95LatencyMs": 1.7649000000000115,
    "duplicateIncidentOrDocumentCount": 140
  },
  "best": {
    "hitAt1": 0.52,
    "hitAt3": 0.6,
    "hitAt5": 0.62,
    "recallAt5": 0.44666666666666666,
    "mrr": 0.5616666666666666,
    "ndcgAt5": 0.4571722841319304,
    "metadataFilterAccuracy": 0,
    "noResultAccuracy": 0,
    "p95LatencyMs": 1.1131000000000313,
    "duplicateIncidentOrDocumentCount": 166
  }
}
