{
  "samplesMs": [
    14.134,
    2.031,
    1.149,
    0.82,
    1.221,
    0.612,
    0.997,
    0.99,
    1.618,
    1.12,
    1.027,
    1.101,
    0.831,
    0.461,
    0.963,
    0.86,
    0.966,
    1.717,
    0.926,
    1.658,
    1.062,
    1.11,
    1.007,
    1.067,
    1.399,
    1.292,
    1.042,
    0.879,
    1.338,
    0.958,
    1.347,
    0.992,
    1.296,
    0.944,
    1.063,
    0.952,
    1.018,
    0.967,
    0.93,
    1.104,
    0.791,
    1.156,
    0.953,
    1.765,
    1.099,
    0.783,
    0.685,
    0.907,
    0.534,
    1.044,
    1.161,
    1.097,
    1.638,
    0.957,
    0.76
  ],
  "p50": 1.026800000000037,
  "p95": 1.7649000000000115
}
