{
  "against": "20260710-140744_c5ad4ce_baseline-vector-search",
  "promote": false,
  "reasons": [],
  "regressions": [
    "no quality gain: recallΔ=0.0000 mrrΔ=0.0000 < 0.01"
  ],
  "candidate": {
    "hitAt1": 0.52,
    "hitAt3": 0.6,
    "hitAt5": 0.62,
    "recallAt5": 0.44666666666666666,
    "mrr": 0.5616666666666666,
    "ndcgAt5": 0.4571722841319304,
    "metadataFilterAccuracy": 0,
    "noResultAccuracy": 0,
    "p95LatencyMs": 1.501800000000003,
    "duplicateIncidentOrDocumentCount": 166
  },
  "best": {
    "hitAt1": 0.52,
    "hitAt3": 0.6,
    "hitAt5": 0.62,
    "recallAt5": 0.44666666666666666,
    "mrr": 0.5616666666666666,
    "ndcgAt5": 0.4571722841319304,
    "metadataFilterAccuracy": 0,
    "noResultAccuracy": 0,
    "p95LatencyMs": 2.474899999999991,
    "duplicateIncidentOrDocumentCount": 166
  }
}
