{
  "samplesMs": [
    12.76,
    2.857,
    0.568,
    0.474,
    0.764,
    0.569,
    0.548,
    0.782,
    1.151,
    0.993,
    0.823,
    1.226,
    0.789,
    0.785,
    1.303,
    1.165,
    0.845,
    0.824,
    0.678,
    0.921,
    0.423,
    0.484,
    0.502,
    0.503,
    0.923,
    0.769,
    0.875,
    0.791,
    1.502,
    0.908,
    1.034,
    0.784,
    1.199,
    0.457,
    0.57,
    0.875,
    0.393,
    0.569,
    0.667,
    0.659,
    0.973,
    1.426,
    1.185,
    0.668,
    0.391,
    0.569,
    0.468,
    0.621,
    0.624,
    0.97,
    0.547,
    0.773,
    0.901,
    0.482,
    0.514
  ],
  "p50": 0.7820999999999572,
  "p95": 1.501800000000003
}
