{
  "samplesMs": [
    4.076,
    2.375,
    1.13,
    0.909,
    1.164,
    0.636,
    0.636,
    0.943,
    1.252,
    1.142,
    0.572,
    1.158,
    0.518,
    0.506,
    0.918,
    0.615,
    0.585,
    0.548,
    0.593,
    0.93,
    0.723,
    0.796,
    0.619,
    1.279,
    1.126,
    1.162,
    0.514,
    0.579,
    0.812,
    1.255,
    1.183,
    1.018,
    1.345,
    1.101,
    1.164,
    1.075,
    0.778,
    0.62,
    0.409,
    0.389,
    0.759,
    1.404,
    1.496,
    1.077,
    0.645,
    0.375,
    0.332,
    0.545,
    0.308,
    0.707,
    0.562,
    0.493,
    0.587,
    0.344,
    0.586
  ],
  "p50": 0.7588000000000648,
  "p95": 1.495900000000006
}
