{
  "samplesMs": [
    3.508,
    1.986,
    0.8,
    0.688,
    0.631,
    0.942,
    0.61,
    0.792,
    1.213,
    1.177,
    0.501,
    0.808,
    0.655,
    0.476,
    1.644,
    0.952,
    0.784,
    0.742,
    0.958,
    1.127,
    0.856,
    1.054,
    0.891,
    1.028,
    0.731,
    0.582,
    1.288,
    0.719,
    1.074,
    0.579,
    0.672,
    1.088,
    1.059,
    0.734,
    0.521,
    0.49,
    0.615,
    0.525,
    0.401,
    0.365,
    0.519,
    0.584,
    1.104,
    1.067,
    0.707,
    0.347,
    0.422,
    0.407,
    0.475,
    0.627,
    0.38,
    0.358,
    0.433,
    0.29,
    0.326
  ],
  "p50": 0.7065999999999804,
  "p95": 1.6440000000000055
}
