{
  "samplesMs": [
    3.674,
    2.029,
    0.946,
    0.94,
    0.726,
    0.886,
    0.739,
    1.063,
    1.297,
    1.384,
    0.645,
    1.057,
    0.509,
    0.642,
    1.014,
    0.826,
    0.525,
    0.532,
    0.663,
    0.805,
    0.997,
    0.685,
    0.671,
    1.387,
    1.284,
    0.607,
    1.006,
    0.873,
    0.811,
    0.651,
    0.917,
    0.808,
    1.181,
    0.945,
    0.738,
    0.502,
    0.843,
    0.885,
    0.817,
    0.553,
    0.947,
    1.003,
    1.424,
    0.941,
    0.92,
    0.477,
    0.445,
    0.351,
    0.543,
    0.85,
    0.555,
    0.504,
    0.593,
    0.357,
    0.385
  ],
  "p50": 0.8165000000000191,
  "p95": 1.4243000000000166
}
