{
  "samplesMs": [
    16.04,
    4.524,
    1.095,
    1.042,
    1.345,
    0.607,
    0.669,
    0.951,
    1.078,
    0.774,
    0.924,
    2.153,
    1.504,
    0.611,
    0.87,
    0.6,
    0.51,
    0.408,
    0.43,
    0.677,
    0.736,
    0.757,
    0.745,
    1.144,
    1.467,
    0.951,
    0.929,
    0.798,
    2.475,
    0.992,
    1.041,
    0.695,
    1.367,
    0.571,
    0.676,
    0.567,
    0.624,
    0.418,
    0.3,
    0.337,
    0.492,
    1.109,
    1.305,
    0.704,
    0.777,
    0.566,
    0.924,
    0.91,
    0.546,
    1.043,
    0.551,
    0.475,
    0.68,
    0.477,
    0.329
  ],
  "p50": 0.7571000000000367,
  "p95": 2.474899999999991
}
