{
  "samplesMs": [
    4.778,
    2.901,
    1.675,
    1.477,
    1.425,
    0.808,
    1.657,
    1.181,
    1.18,
    1.307,
    1.121,
    1.609,
    1.224,
    1.189,
    1.24,
    1.045,
    0.676,
    0.721,
    0.642,
    0.731,
    1.224,
    0.881,
    0.721,
    0.75,
    1.197,
    1.25,
    0.827,
    0.724,
    1.233,
    0.746,
    0.788,
    0.835,
    1.394,
    1.012,
    1.123,
    0.651,
    0.748,
    0.713,
    0.541,
    0.452,
    0.411,
    0.637,
    1.089,
    0.537,
    0.544,
    0.43,
    0.423,
    0.331,
    0.307,
    1.149,
    0.408,
    0.409,
    0.431,
    0.352,
    0.338
  ],
  "p50": 0.8078000000000429,
  "p95": 1.6749000000000365
}
