{
  "samplesMs": [
    12.972,
    1.905,
    0.65,
    0.538,
    0.99,
    0.779,
    0.461,
    0.575,
    1.019,
    0.515,
    0.423,
    0.87,
    0.444,
    0.754,
    1.08,
    0.801,
    1.353,
    0.911,
    1.364,
    0.635,
    0.391,
    0.848,
    0.559,
    0.841,
    0.866,
    0.727,
    0.936,
    0.875,
    1.059,
    0.657,
    0.94,
    0.582,
    0.841,
    0.569,
    0.71,
    0.766,
    1.017,
    0.752,
    0.675,
    0.591,
    0.854,
    1.063,
    0.579,
    0.373,
    0.53,
    0.29,
    0.28,
    0.316,
    0.308,
    0.42,
    0.311,
    0.286,
    0.363,
    0.247,
    0.252
  ],
  "p50": 0.675200000000018,
  "p95": 1.3636999999999944
}
