{
  "samplesMs": [
    15.096,
    2.593,
    1.286,
    1.116,
    1.226,
    0.852,
    0.94,
    1.009,
    1.25,
    1.2,
    0.803,
    0.877,
    0.663,
    0.459,
    0.605,
    0.463,
    0.531,
    0.596,
    0.627,
    0.681,
    0.566,
    0.608,
    0.749,
    1.159,
    1.574,
    1.106,
    1.314,
    0.612,
    0.638,
    0.594,
    0.573,
    0.61,
    0.988,
    0.584,
    0.608,
    0.517,
    0.586,
    0.791,
    0.781,
    0.909,
    0.429,
    1.077,
    1.056,
    0.743,
    1.257,
    0.733,
    0.636,
    0.689,
    0.597,
    1.22,
    0.702,
    0.608,
    0.582,
    0.308,
    0.3
  ],
  "p50": 0.7019000000000233,
  "p95": 1.5738999999999805
}
