{
  "against": "20260711-101020520_fce379b_baseline-vector-search",
  "promote": false,
  "reasons": [],
  "regressions": [
    "no quality gain: recallΔ=-0.0367 mrrΔ=-0.0533 < 0.01",
    "hitAt1 regressed by 0.0600 > 0.02",
    "hitAt3 regressed by 0.0600 > 0.02",
    "hitAt5 regressed by 0.0600 > 0.02",
    "recallAt5 regressed by 0.0367 > 0.02",
    "mrr regressed by 0.0533 > 0.02",
    "ndcgAt5 regressed by 0.0364 > 0.02",
    "duplicates increased 136 -> 142"
  ],
  "candidate": {
    "hitAt1": 0.5,
    "hitAt3": 0.68,
    "hitAt5": 0.72,
    "recallAt5": 0.49999999999999994,
    "mrr": 0.5923333333333334,
    "ndcgAt5": 0.4916853226371524,
    "metadataFilterAccuracy": 0,
    "noResultAccuracy": 0,
    "p95LatencyMs": 5.043099999999981,
    "duplicateIncidentOrDocumentCount": 142
  },
  "best": {
    "hitAt1": 0.56,
    "hitAt3": 0.74,
    "hitAt5": 0.78,
    "recallAt5": 0.5366666666666666,
    "mrr": 0.6456666666666666,
    "ndcgAt5": 0.5280477103149708,
    "metadataFilterAccuracy": 0,
    "noResultAccuracy": 0,
    "p95LatencyMs": 2.2918000000000234,
    "duplicateIncidentOrDocumentCount": 136
  }
}
