{
  "samplesMs": [
    5.043,
    5.739,
    2.293,
    1.375,
    1.204,
    1.709,
    1.754,
    1.773,
    1.69,
    1.752,
    1.627,
    2.851,
    1.75,
    2.355,
    1.814,
    1.454,
    1.161,
    1.427,
    1.909,
    2.133,
    2.473,
    9.102,
    0.665,
    1.287,
    1.439,
    0.857,
    1.112,
    1.136,
    1.631,
    1.869,
    0.839,
    0.585,
    0.764,
    0.911,
    0.694,
    0.594,
    0.65,
    0.449,
    0.432,
    0.559,
    0.889,
    0.865,
    1.01,
    0.725,
    0.69,
    0.497,
    0.444,
    0.331,
    0.333,
    0.855,
    0.77,
    0.656,
    1.067,
    0.489,
    0.52
  ],
  "p50": 1.11160000000001,
  "p95": 5.043099999999981
}
