{
  "samplesMs": [
    3.837,
    1.899,
    1.31,
    0.949,
    0.709,
    0.808,
    0.702,
    0.719,
    0.998,
    0.993,
    1.176,
    1.147,
    0.52,
    0.442,
    1.246,
    0.921,
    0.839,
    0.704,
    0.869,
    1.175,
    0.769,
    1.093,
    1.338,
    0.979,
    0.794,
    0.586,
    1.128,
    1.189,
    1.014,
    0.592,
    0.965,
    0.933,
    0.888,
    0.507,
    0.907,
    0.93,
    1.066,
    0.798,
    0.397,
    0.428,
    0.863,
    1.109,
    1.405,
    0.505,
    0.723,
    0.348,
    0.308,
    0.338,
    0.273,
    0.518,
    0.495,
    0.355,
    0.422,
    0.337,
    0.302
  ],
  "p50": 0.8392000000000053,
  "p95": 1.405300000000011
}
