{
  "samplesMs": [
    10.136,
    2.857,
    1.72,
    1.505,
    1.204,
    1.037,
    1.448,
    1.291,
    1.693,
    1.416,
    1.229,
    1.311,
    0.964,
    0.922,
    0.778,
    1.448,
    1.319,
    1.328,
    1.43,
    1.321,
    1.125,
    1.988,
    1.421,
    1.866,
    1.707,
    0.678,
    0.543,
    0.835,
    1.278,
    0.661,
    0.797,
    1.125,
    1.18,
    0.624,
    0.637,
    0.652,
    0.633,
    0.706,
    0.762,
    0.54,
    0.461,
    0.692,
    1.155,
    0.674,
    0.688,
    0.87,
    1.332,
    0.72,
    0.575,
    1.234,
    0.701,
    0.683,
    1.124,
    0.7,
    0.459
  ],
  "p50": 1.1240999999999985,
  "p95": 1.987799999999993
}
