{
  "against": "20260711-101020520_fce379b_baseline-vector-search",
  "promote": false,
  "reasons": [],
  "regressions": [
    "no quality gain: recallΔ=-0.0367 mrrΔ=-0.0377 < 0.01",
    "hitAt1 regressed by 0.0400 > 0.02",
    "hitAt3 regressed by 0.0400 > 0.02",
    "hitAt5 regressed by 0.0400 > 0.02",
    "recallAt5 regressed by 0.0367 > 0.02",
    "mrr regressed by 0.0377 > 0.02",
    "ndcgAt5 regressed by 0.0291 > 0.02"
  ],
  "candidate": {
    "hitAt1": 0.52,
    "hitAt3": 0.7,
    "hitAt5": 0.74,
    "recallAt5": 0.49999999999999994,
    "mrr": 0.6080000000000001,
    "ndcgAt5": 0.4989809827492474,
    "metadataFilterAccuracy": 0,
    "noResultAccuracy": 0,
    "p95LatencyMs": 1.4864000000000033,
    "duplicateIncidentOrDocumentCount": 132
  },
  "best": {
    "hitAt1": 0.56,
    "hitAt3": 0.74,
    "hitAt5": 0.78,
    "recallAt5": 0.5366666666666666,
    "mrr": 0.6456666666666666,
    "ndcgAt5": 0.5280477103149708,
    "metadataFilterAccuracy": 0,
    "noResultAccuracy": 0,
    "p95LatencyMs": 2.2918000000000234,
    "duplicateIncidentOrDocumentCount": 136
  }
}
