{
  "samplesMs": [
    8.832,
    2.219,
    1.23,
    1.292,
    1.158,
    0.972,
    1.078,
    1.034,
    1.486,
    1.03,
    0.74,
    1.34,
    0.81,
    1.195,
    0.821,
    0.876,
    0.727,
    1.026,
    1.016,
    1.166,
    0.681,
    1.032,
    1.174,
    1.417,
    1.038,
    0.821,
    0.576,
    0.626,
    0.743,
    1.031,
    0.818,
    0.457,
    0.811,
    0.522,
    0.452,
    0.78,
    0.708,
    0.465,
    0.416,
    0.428,
    0.497,
    0.742,
    1.216,
    1.089,
    0.771,
    0.464,
    0.476,
    0.391,
    0.375,
    0.714,
    0.597,
    0.49,
    0.848,
    0.353,
    0.347
  ],
  "p50": 0.8106999999999971,
  "p95": 1.4864000000000033
}
