{
  "samplesMs": [
    4.686,
    2.495,
    1.396,
    1.098,
    1,
    0.73,
    0.683,
    0.971,
    1.27,
    0.857,
    1.422,
    1.46,
    0.81,
    0.705,
    0.927,
    0.741,
    0.68,
    0.72,
    0.776,
    1.025,
    0.64,
    0.912,
    1.088,
    1.201,
    1.275,
    0.735,
    1.197,
    1.344,
    1.015,
    1.524,
    1.349,
    0.976,
    1.821,
    1.182,
    1.103,
    1.121,
    0.972,
    1.177,
    0.936,
    1.028,
    1.09,
    1.221,
    0.981,
    0.794,
    1.48,
    0.708,
    0.617,
    0.692,
    0.686,
    1.032,
    0.659,
    0.458,
    0.543,
    0.341,
    0.707
  ],
  "p50": 0.9811000000000263,
  "p95": 1.8210000000000264
}
