{
  "samplesMs": [
    12.152,
    2.93,
    1.358,
    0.714,
    0.701,
    0.719,
    0.628,
    0.81,
    0.7,
    0.608,
    0.752,
    0.913,
    0.822,
    0.65,
    1.11,
    0.659,
    0.887,
    0.888,
    0.542,
    0.902,
    0.591,
    0.833,
    0.618,
    0.509,
    0.898,
    0.628,
    0.624,
    0.542,
    0.939,
    0.551,
    0.886,
    0.622,
    0.868,
    0.395,
    0.811,
    0.856,
    0.699,
    0.863,
    0.495,
    0.44,
    0.465,
    0.623,
    1.754,
    0.625,
    0.514,
    0.386,
    0.365,
    0.725,
    0.594,
    0.955,
    0.617,
    0.582,
    0.489,
    0.314,
    0.709
  ],
  "p50": 0.6985000000000241,
  "p95": 1.754199999999969
}
