{
  "samplesMs": [
    5.241,
    6.121,
    2.054,
    2.253,
    1.398,
    1.256,
    1.83,
    1.256,
    2.223,
    2.259,
    1.964,
    2.485,
    1.933,
    1.522,
    1.966,
    1.139,
    1.056,
    1.985,
    2.437,
    13.466,
    1.187,
    1.633,
    0.954,
    1.184,
    0.838,
    1.327,
    0.765,
    0.77,
    1.93,
    1.445,
    1.21,
    0.971,
    1.468,
    1.054,
    1.363,
    0.97,
    0.956,
    0.8,
    1.204,
    0.774,
    0.961,
    1.043,
    1.091,
    0.649,
    0.687,
    1.154,
    0.886,
    0.532,
    0.447,
    0.798,
    0.566,
    0.937,
    0.536,
    0.383,
    0.402
  ],
  "p50": 1.1844999999999573,
  "p95": 5.241399999999999
}
