{
  "samplesMs": [
    11.211,
    3.465,
    0.706,
    0.652,
    0.489,
    0.614,
    0.45,
    0.705,
    0.949,
    0.837,
    0.909,
    0.994,
    0.868,
    0.406,
    0.69,
    0.646,
    1.056,
    1.065,
    1.191,
    0.996,
    0.599,
    0.752,
    0.53,
    0.513,
    0.665,
    0.688,
    1.199,
    0.844,
    1.043,
    0.716,
    0.94,
    0.552,
    0.646,
    0.39,
    0.532,
    0.672,
    0.83,
    1.162,
    0.459,
    0.419,
    0.528,
    1.237,
    1.052,
    0.672,
    0.577,
    0.366,
    0.322,
    0.284,
    0.288,
    0.52,
    0.376,
    0.346,
    0.406,
    0.358,
    0.399
  ],
  "p50": 0.665300000000002,
  "p95": 1.23660000000001
}
