{
  "samplesMs": [
    3.829,
    4.646,
    1.226,
    1.272,
    1.062,
    0.765,
    1.094,
    0.904,
    1.085,
    0.827,
    0.989,
    1.945,
    1.107,
    1.204,
    1.2,
    0.66,
    0.61,
    0.663,
    0.957,
    1.184,
    1.114,
    1.086,
    1.066,
    1.783,
    0.76,
    0.648,
    0.602,
    0.549,
    0.713,
    0.651,
    0.887,
    0.978,
    1.291,
    0.722,
    0.725,
    0.969,
    1.222,
    0.874,
    1.151,
    1.036,
    0.811,
    0.846,
    1.251,
    0.661,
    0.801,
    0.441,
    0.416,
    0.396,
    0.393,
    1.166,
    0.77,
    0.771,
    0.433,
    0.334,
    0.33,
    0.323,
    0.423,
    0.441,
    0.355,
    0.345,
    0.335
  ],
  "p50": 0.8274000000000115,
  "p95": 1.7828999999999837
}
