{
  "samplesMs": [
    3.584,
    2.305,
    1.37,
    0.901,
    1.198,
    0.614,
    0.57,
    0.665,
    0.869,
    1.272,
    0.81,
    0.911,
    0.549,
    0.544,
    1.213,
    0.545,
    0.575,
    0.517,
    0.62,
    0.917,
    0.781,
    0.911,
    0.871,
    1.3,
    1.333,
    0.898,
    0.96,
    0.832,
    0.783,
    0.643,
    0.588,
    0.612,
    1.385,
    0.474,
    0.733,
    0.509,
    0.46,
    0.48,
    0.574,
    0.493,
    0.545,
    0.702,
    0.968,
    0.635,
    0.814,
    0.343,
    0.304,
    0.274,
    0.275,
    0.505,
    0.375,
    0.334,
    0.718,
    0.413,
    0.366
  ],
  "p50": 0.6433000000000106,
  "p95": 1.3847000000000094
}
