{
  "samplesMs": [
    12.984,
    2.831,
    0.713,
    0.524,
    1.009,
    0.801,
    0.511,
    0.793,
    1.119,
    0.825,
    0.745,
    0.96,
    0.637,
    0.501,
    0.646,
    0.674,
    0.444,
    0.419,
    0.387,
    0.438,
    0.369,
    0.409,
    0.554,
    0.507,
    0.558,
    0.466,
    0.57,
    0.558,
    1,
    0.621,
    0.862,
    0.585,
    0.784,
    0.498,
    0.511,
    1.069,
    0.666,
    0.636,
    0.496,
    0.421,
    0.511,
    0.704,
    0.552,
    0.399,
    0.783,
    0.367,
    0.353,
    0.311,
    0.278,
    0.432,
    0.418,
    0.377,
    0.705,
    0.388,
    0.268
  ],
  "p50": 0.5538999999999987,
  "p95": 1.1192999999999529
}
