{
  "samplesMs": [
    11.851,
    3.428,
    0.889,
    0.867,
    0.571,
    0.633,
    0.453,
    0.471,
    0.723,
    0.538,
    0.548,
    1.147,
    0.619,
    0.467,
    1.219,
    0.742,
    0.872,
    0.62,
    0.707,
    0.876,
    0.524,
    0.659,
    0.546,
    0.507,
    0.71,
    0.886,
    1.003,
    0.597,
    1.149,
    0.901,
    1.315,
    0.7,
    1.191,
    0.692,
    0.676,
    0.581,
    1.068,
    0.581,
    0.659,
    0.521,
    0.917,
    0.737,
    0.58,
    0.375,
    0.776,
    0.324,
    0.364,
    0.673,
    0.539,
    1.611,
    0.893,
    0.515,
    0.473,
    0.438,
    0.409
  ],
  "p50": 0.67349999999999,
  "p95": 1.6105999999999767
}
