{
  "samplesMs": [
    3.409,
    4.164,
    1.153,
    0.71,
    0.774,
    0.841,
    0.982,
    0.825,
    0.902,
    0.934,
    1.042,
    1.274,
    0.646,
    0.86,
    1.382,
    1.328,
    1,
    1.255,
    1.136,
    1.116,
    1.198,
    1.201,
    1.07,
    1.274,
    1.463,
    1.129,
    0.499,
    0.788,
    0.799,
    0.474,
    0.715,
    0.637,
    1.13,
    0.499,
    0.547,
    0.525,
    0.448,
    0.373,
    0.381,
    0.424,
    0.579,
    0.779,
    1.17,
    0.517,
    0.58,
    0.474,
    0.5,
    0.356,
    0.347,
    0.668,
    0.485,
    0.499,
    0.558,
    0.525,
    0.837,
    0.39,
    0.441,
    0.319,
    0.338,
    0.327,
    0.338
  ],
  "p50": 0.714999999999975,
  "p95": 1.3824999999999932
}
