{
  "samplesMs": [
    9.841,
    2.176,
    1.524,
    1.272,
    0.797,
    0.83,
    1.255,
    1.25,
    1.625,
    1.546,
    1.043,
    1.527,
    1.266,
    1.067,
    1.478,
    1.477,
    1.104,
    1.102,
    0.956,
    0.817,
    0.933,
    2.132,
    0.869,
    0.948,
    1.527,
    0.889,
    0.686,
    0.694,
    1.202,
    0.908,
    1.467,
    1.11,
    1.101,
    0.746,
    0.929,
    0.704,
    1.013,
    0.763,
    0.563,
    0.537,
    0.66,
    1.227,
    1.038,
    0.71,
    0.669,
    0.521,
    0.463,
    0.331,
    0.32,
    1.072,
    0.495,
    0.509,
    0.596,
    0.412,
    0.401
  ],
  "p50": 0.9482999999999606,
  "p95": 2.1317999999999984
}
