{
  "samplesMs": [
    5.51,
    2.512,
    1.455,
    1.124,
    1.534,
    0.991,
    0.755,
    1.039,
    1.787,
    1.754,
    1.485,
    1.491,
    0.886,
    0.913,
    1.404,
    0.974,
    1.086,
    1.189,
    1.543,
    1.616,
    1.255,
    1.383,
    1.579,
    1.454,
    1.297,
    1.344,
    1.408,
    1.217,
    1.465,
    0.789,
    1.126,
    1.29,
    1.56,
    1.044,
    1.228,
    1.097,
    0.915,
    0.887,
    1.164,
    0.799,
    0.75,
    1.272,
    1.103,
    0.442,
    1.272,
    0.626,
    0.573,
    0.586,
    0.529,
    0.962,
    0.719,
    0.593,
    0.437,
    0.32,
    0.317
  ],
  "p50": 1.1258000000000266,
  "p95": 1.7870000000000346
}
