{
  "samplesMs": [
    3.76,
    2.012,
    1.146,
    0.857,
    0.75,
    0.611,
    0.676,
    0.658,
    1.039,
    0.743,
    0.786,
    1.884,
    0.723,
    0.713,
    0.889,
    0.719,
    0.672,
    0.705,
    0.655,
    0.618,
    0.549,
    1.614,
    0.739,
    0.761,
    1.069,
    0.777,
    0.653,
    0.578,
    0.979,
    0.735,
    1.11,
    1.135,
    1.156,
    0.587,
    0.863,
    0.883,
    0.765,
    0.742,
    0.524,
    0.441,
    0.835,
    0.897,
    0.851,
    0.447,
    0.569,
    0.677,
    0.474,
    0.333,
    0.32,
    0.566,
    0.7,
    0.356,
    0.395,
    0.363,
    0.346,
    0.318,
    0.318,
    0.302,
    0.304,
    0.315,
    0.319
  ],
  "p50": 0.7049999999999841,
  "p95": 1.6136000000000195
}
