{
  "against": "20260710-140840695_c5ad4ce_baseline-vector-search",
  "promote": false,
  "reasons": [],
  "regressions": [
    "no quality gain: recallΔ=0.0000 mrrΔ=0.0000 < 0.01",
    "p95 latency increased by 37.5% > 30%"
  ],
  "candidate": {
    "hitAt1": 0.52,
    "hitAt3": 0.6,
    "hitAt5": 0.62,
    "recallAt5": 0.44666666666666666,
    "mrr": 0.5616666666666666,
    "ndcgAt5": 0.4571722841319304,
    "metadataFilterAccuracy": 0,
    "noResultAccuracy": 0,
    "p95LatencyMs": 1.5307999999999993,
    "duplicateIncidentOrDocumentCount": 166
  },
  "best": {
    "hitAt1": 0.52,
    "hitAt3": 0.6,
    "hitAt5": 0.62,
    "recallAt5": 0.44666666666666666,
    "mrr": 0.5616666666666666,
    "ndcgAt5": 0.4571722841319304,
    "metadataFilterAccuracy": 0,
    "noResultAccuracy": 0,
    "p95LatencyMs": 1.1131000000000313,
    "duplicateIncidentOrDocumentCount": 166
  }
}
