{
  "samplesMs": [
    12.503,
    2.013,
    0.7,
    0.792,
    1.01,
    0.92,
    0.528,
    0.58,
    1.097,
    0.86,
    0.517,
    0.72,
    0.46,
    0.807,
    0.761,
    0.75,
    0.506,
    0.43,
    0.388,
    0.428,
    0.579,
    0.675,
    0.58,
    0.712,
    0.755,
    0.643,
    0.573,
    0.519,
    0.745,
    0.557,
    0.94,
    0.634,
    1.531,
    0.714,
    0.565,
    0.442,
    0.396,
    0.404,
    0.435,
    0.448,
    0.443,
    1.21,
    1.366,
    0.775,
    0.902,
    0.494,
    0.387,
    0.714,
    0.338,
    0.923,
    0.467,
    0.44,
    0.546,
    0.713,
    0.299
  ],
  "p50": 0.6342999999999961,
  "p95": 1.5307999999999993
}
