{
  "samplesMs": [
    4.953,
    4.017,
    0.93,
    0.672,
    0.743,
    0.599,
    0.656,
    0.561,
    0.857,
    0.796,
    0.869,
    1.05,
    0.606,
    0.729,
    0.938,
    1.053,
    0.799,
    0.645,
    0.633,
    0.914,
    1.06,
    1.172,
    0.926,
    1.233,
    1.468,
    1.125,
    1.141,
    0.738,
    1.408,
    0.781,
    1.005,
    0.684,
    0.952,
    0.61,
    0.753,
    0.852,
    0.726,
    0.568,
    0.527,
    0.513,
    0.651,
    1.16,
    0.909,
    0.59,
    0.562,
    0.457,
    0.41,
    0.295,
    0.296,
    0.574,
    0.417,
    0.468,
    0.567,
    0.408,
    0.771
  ],
  "p50": 0.7425000000000068,
  "p95": 1.4681000000000495
}
