{
  "samplesMs": [
    13.346,
    3.127,
    0.719,
    0.527,
    1.02,
    0.49,
    0.488,
    0.523,
    0.706,
    0.511,
    0.579,
    0.972,
    0.648,
    0.709,
    0.904,
    1.328,
    0.892,
    0.771,
    0.401,
    0.64,
    0.619,
    0.762,
    0.577,
    0.488,
    0.502,
    0.505,
    0.862,
    0.528,
    0.613,
    0.611,
    0.649,
    0.602,
    0.944,
    0.64,
    0.745,
    0.63,
    0.361,
    0.417,
    0.4,
    0.454,
    0.546,
    0.976,
    0.546,
    0.392,
    0.483,
    0.69,
    0.393,
    0.306,
    0.243,
    0.632,
    0.313,
    0.295,
    0.384,
    0.257,
    0.317
  ],
  "p50": 0.5790999999999826,
  "p95": 1.3280999999999494
}
