{
  "samplesMs": [
    3.671,
    3.737,
    0.878,
    0.724,
    0.807,
    0.623,
    0.689,
    0.559,
    0.834,
    0.817,
    0.62,
    1.001,
    0.552,
    0.724,
    0.962,
    0.831,
    0.884,
    0.798,
    0.876,
    0.859,
    0.684,
    0.645,
    0.685,
    1.105,
    0.979,
    1.35,
    0.636,
    0.767,
    0.8,
    0.788,
    0.722,
    0.564,
    0.959,
    0.624,
    0.674,
    0.59,
    0.574,
    0.472,
    0.552,
    0.624,
    0.571,
    0.958,
    0.958,
    0.632,
    1.276,
    0.567,
    0.437,
    0.557,
    0.296,
    0.585,
    0.402,
    0.596,
    0.533,
    0.369,
    0.651,
    0.341,
    0.319,
    0.298,
    0.35,
    0.323,
    0.339
  ],
  "p50": 0.6514999999999986,
  "p95": 1.275699999999972
}
