{
  "samplesMs": [
    3.707,
    4.132,
    1.066,
    1.123,
    0.778,
    0.646,
    0.737,
    0.743,
    0.891,
    0.909,
    0.757,
    1.111,
    0.626,
    0.543,
    1.317,
    1.123,
    0.715,
    0.643,
    0.852,
    1.117,
    1.055,
    1.205,
    1.204,
    1.187,
    1.332,
    1.713,
    0.717,
    0.526,
    0.696,
    0.791,
    0.873,
    0.612,
    1.077,
    0.553,
    0.744,
    0.757,
    0.548,
    0.57,
    0.506,
    0.659,
    0.748,
    1.413,
    0.863,
    0.464,
    0.548,
    0.467,
    0.431,
    0.309,
    0.313,
    0.566,
    0.412,
    0.432,
    0.484,
    0.515,
    0.974,
    0.429,
    0.35,
    0.305,
    0.33,
    0.327,
    0.324
  ],
  "p50": 0.7168999999999528,
  "p95": 1.412900000000036
}
