{
  "samplesMs": [
    6.845,
    3.945,
    2.267,
    1.502,
    1.132,
    1.202,
    1.291,
    1.282,
    1.962,
    0.977,
    0.718,
    1.417,
    1.842,
    0.754,
    1.759,
    1.508,
    1.315,
    1.361,
    1.049,
    0.87,
    0.892,
    1.431,
    1.045,
    1.323,
    1.549,
    1.059,
    2.86,
    0.785,
    2.257,
    1.369,
    1.281,
    0.94,
    1.483,
    0.792,
    1.101,
    0.885,
    0.998,
    0.825,
    0.827,
    1.81,
    1.17,
    1.244,
    1.054,
    1.238,
    1.049,
    0.887,
    0.836,
    1.05,
    0.655,
    1.299,
    0.817,
    0.909,
    1.046,
    0.728,
    0.649
  ],
  "p50": 1.1324999999999363,
  "p95": 2.8600000000000136
}
