{
  "samplesMs": [
    3.682,
    3.441,
    0.981,
    1.009,
    1.118,
    0.7,
    0.773,
    0.955,
    1.295,
    1.06,
    1.02,
    1.424,
    0.684,
    0.618,
    0.627,
    0.648,
    0.923,
    0.701,
    0.714,
    0.633,
    0.657,
    0.602,
    0.591,
    1.024,
    1.471,
    1.009,
    0.823,
    0.8,
    1.654,
    1.042,
    1.749,
    0.906,
    0.81,
    0.555,
    0.699,
    0.848,
    0.845,
    0.52,
    0.404,
    0.387,
    0.363,
    0.911,
    1.12,
    0.592,
    0.633,
    0.37,
    0.34,
    0.278,
    0.264,
    0.6,
    0.381,
    0.399,
    0.691,
    0.377,
    0.363
  ],
  "p50": 0.7006999999999834,
  "p95": 1.7490999999999985
}
