{
  "samplesMs": [
    4.031,
    3.789,
    0.936,
    0.676,
    0.934,
    0.72,
    0.762,
    0.57,
    0.861,
    0.964,
    1.113,
    1.154,
    0.567,
    0.51,
    0.999,
    0.9,
    0.823,
    0.646,
    0.736,
    1.058,
    1.131,
    0.728,
    0.609,
    0.994,
    0.851,
    0.777,
    1.759,
    0.627,
    0.772,
    0.865,
    0.709,
    0.753,
    0.929,
    0.53,
    0.604,
    0.557,
    0.541,
    0.643,
    0.917,
    0.803,
    0.888,
    1.416,
    1.08,
    0.569,
    0.63,
    0.45,
    0.451,
    0.395,
    0.812,
    0.793,
    0.475,
    0.466,
    0.507,
    0.389,
    0.38
  ],
  "p50": 0.7617000000000189,
  "p95": 1.7590000000000146
}
