{
  "samplesMs": [
    10.38,
    3.021,
    0.929,
    1.562,
    0.929,
    0.658,
    0.802,
    1.018,
    1.521,
    0.868,
    0.694,
    1.402,
    0.968,
    0.525,
    0.896,
    1.236,
    1.119,
    0.724,
    0.625,
    0.646,
    1.251,
    0.929,
    1.047,
    1.517,
    2.292,
    1.192,
    1.081,
    0.582,
    1.23,
    1.416,
    0.922,
    0.664,
    1.65,
    0.891,
    1.068,
    1.004,
    1.143,
    1.075,
    1.178,
    0.796,
    1.042,
    1.546,
    0.934,
    0.558,
    0.584,
    0.548,
    0.844,
    0.466,
    0.49,
    1.021,
    0.733,
    0.86,
    0.916,
    0.65,
    0.563
  ],
  "p50": 0.9294000000000437,
  "p95": 2.2918000000000234
}
