{
  "samplesMs": [
    13.382,
    2.708,
    1.185,
    1.088,
    1.185,
    1.062,
    0.842,
    0.821,
    0.957,
    0.727,
    0.471,
    1.038,
    0.675,
    0.658,
    1.218,
    0.845,
    0.846,
    0.682,
    0.409,
    0.705,
    0.42,
    0.529,
    0.466,
    0.586,
    0.665,
    0.577,
    0.58,
    0.605,
    1.115,
    0.636,
    0.929,
    0.631,
    1.065,
    0.573,
    0.931,
    0.85,
    0.576,
    0.583,
    0.41,
    0.45,
    0.445,
    0.718,
    0.918,
    0.592,
    0.787,
    0.5,
    0.368,
    0.433,
    0.696,
    0.901,
    0.416,
    0.34,
    0.643,
    0.327,
    0.311
  ],
  "p50": 0.6647000000000389,
  "p95": 1.217800000000011
}
