{
  "samplesMs": [
    12.639,
    2.155,
    0.817,
    0.694,
    1.097,
    0.811,
    0.518,
    0.58,
    1.07,
    0.964,
    0.909,
    1.19,
    1.313,
    0.942,
    1.227,
    0.763,
    0.673,
    0.49,
    0.496,
    0.442,
    0.708,
    0.476,
    0.535,
    1.12,
    1.344,
    0.865,
    1.071,
    0.698,
    0.677,
    0.78,
    1.124,
    0.777,
    1.335,
    0.577,
    0.791,
    0.486,
    0.421,
    0.394,
    0.365,
    0.362,
    0.546,
    0.807,
    0.765,
    0.756,
    0.922,
    0.717,
    0.452,
    0.357,
    0.259,
    0.916,
    0.321,
    0.334,
    0.724,
    0.285,
    0.272
  ],
  "p50": 0.7235000000000014,
  "p95": 1.3444999999999823
}
